Model, n topics, LL
dtm, 5, -11767.567641
dtm, 10, -11611.147011
dtm, 15, -11532.527428
dtm, 20, -11469.574815
dtm, 30, -11380.731123
dtm, 40, -11329.252390